{
  "0": "\u2600\ufe0f",
  "1": "\u263a\ufe0f",
  "2": "\u2705",
  "3": "\u2714\ufe0f",
  "4": "\u2728",
  "5": "\u2764\ufe0f",
  "6": "\ud83c\udf73",
  "7": "\ud83c\udf89",
  "8": "\ud83d\udc07",
  "9": "\ud83d\udc23",
  "10": "\ud83d\udc30",
  "11": "\ud83d\udc40",
  "12": "\ud83d\udc49",
  "13": "\ud83d\udc4d",
  "14": "\ud83d\udc7b",
  "15": "\ud83d\udc80",
  "16": "\ud83d\udca9",
  "17": "\ud83d\udd25",
  "18": "\ud83d\udd95",
  "19": "\ud83d\ude02",
  "20": "\ud83d\ude05",
  "21": "\ud83d\ude07",
  "22": "\ud83d\ude09",
  "23": "\ud83d\ude0b",
  "24": "\ud83d\ude0d",
  "25": "\ud83d\ude0e",
  "26": "\ud83d\ude21",
  "27": "\ud83d\ude24",
  "28": "\ud83d\ude28",
  "29": "\ud83d\ude2d",
  "30": "\ud83d\ude4f",
  "31": "\ud83e\udd0d",
  "32": "\ud83e\udd14",
  "33": "\ud83e\udd21",
  "34": "\ud83e\udd23",
  "35": "\ud83e\udd5a",
  "36": "\ud83e\udd70",
  "37": "\ud83e\udd72",
  "38": "\ud83e\udd73",
  "39": "\ud83e\udd75",
  "40": "\ud83e\udd79",
  "41": "\ud83e\udee0",
  "42": "\ud83e\udee1"
}